{
  "pipeline_path": "models/final_model.joblib",
  "optimal_threshold": 0.05,
  "default_threshold": 0.5,
  "model_name": "GradientBoosting",
  "strategy": "class_weight",
  "best_params": {
    "classifier__subsample": "1.0",
    "classifier__n_estimators": "300",
    "classifier__min_samples_leaf": "1",
    "classifier__max_depth": "3",
    "classifier__learning_rate": "0.1"
  },
  "test_metrics_default": {
    "recall": 0.8041543026706232,
    "precision": 0.8287461773700305,
    "f1": 0.8162650602409639,
    "roc_auc": 0.9796814238359747,
    "pr_auc": 0.8998789337874148,
    "accuracy": 0.9457777777777778
  },
  "test_metrics_optimal": {
    "recall": 0.9762611275964391,
    "precision": 0.5384615384615384,
    "f1": 0.6940928270042194,
    "total_cost": 96920.0
  },
  "cost_matrix": {
    "FN_cost": 10000,
    "FP_cost": 60,
    "cost_default": 663360.0,
    "cost_optimal": 96920.0
  }
}